<?xml version="1.0" encoding="UTF-8"?>
<!DOCTYPE mapper PUBLIC "-//mybatis.org//DTD Mapper 3.0//EN" "http://mybatis.org/dtd/mybatis-3-mapper.dtd">

<mapper namespace="cn.bitoffer.seckill.mapper.OrderMapper">
    <resultMap id="orderMap" type="cn.bitoffer.seckill.model.Order">
        <id column="id" property="ID"/>
        <result column="seller" property="seller"/>
        <result column="buyer" property="buyer"/>
        <result column="order_num" property="orderNum"/>
        <result column="goods_id" property="goodsID"/>
        <result column="goods_num" property="goodsNum"/>
        <result column="price" property="price"/>
        <result column="status" property="status"/>
        <result column="create_time" property="createTime"/>
        <result column="modify_time" property="modifyTime"/>
    </resultMap>

    <sql id="Vo_Column_List">
        `id`,
        `seller`,
        `buyer`,
        `order_num`,
        `goods_id`,
        `goods_num`,
        `price`,
        `status`,
        `create_time`,
        `modify_time`
    </sql>
    <insert id="save" useGeneratedKeys="true" keyProperty="order.ID">
        insert into t_order(`seller`,`buyer`,`order_num`,`goods_id`, `goods_num`,`price`, `status`)
        values (#{order.seller},#{order.buyer},#{order.orderNum},#{order.goodsID},#{order.goodsNum},#{order.price},#{order.status});
    </insert>
</mapper>
